[
null,
{"id":1,"list":[{"code":108,"indent":0,"parameters":["Turn off player's flashlight if it's on"]},{"code":357,"indent":0,"parameters":["Community_Lighting_MZ","flashlight","Player Flashlight",{"enabled":"false","beamLength":"8","beamWdth":"12","color":"#ffffff","density":"3"}]},{"code":657,"indent":0,"parameters":["On/Off = false"]},{"code":657,"indent":0,"parameters":["Beam Length = 8"]},{"code":657,"indent":0,"parameters":["Beam Width = 12"]},{"code":657,"indent":0,"parameters":["Beam Color = #ffffff"]},{"code":657,"indent":0,"parameters":["Beam Density = 3"]},{"code":108,"indent":0,"parameters":["Activate a radius-based light using these parameters"]},{"code":357,"indent":0,"parameters":["Community_Lighting_MZ","playerLightRadius","Player Light Radius",{"radius":"150","color":"#887722","brightness":"0","fadeSpeed":"0"}]},{"code":657,"indent":0,"parameters":["Radius = 150"]},{"code":657,"indent":0,"parameters":["Color = #887722"]},{"code":657,"indent":0,"parameters":["Brightness = 0"]},{"code":657,"indent":0,"parameters":["fadeSpeed = 0"]},{"code":0,"indent":0,"parameters":[]}],"name":"Use Torch","switchId":1,"trigger":0},
{"id":2,"list":[{"code":108,"indent":0,"parameters":["Turn off player's other light source(s)"]},{"code":357,"indent":0,"parameters":["Community_Lighting_MZ","playerLightRadius","Player Light Radius",{"radius":"0","color":"#ffffff","brightness":"0","fadeSpeed":"0"}]},{"code":657,"indent":0,"parameters":["Radius = 0"]},{"code":657,"indent":0,"parameters":["Color = #ffffff"]},{"code":657,"indent":0,"parameters":["Brightness = 0"]},{"code":657,"indent":0,"parameters":["fadeSpeed = 0"]},{"code":108,"indent":0,"parameters":["Turn on a flashlight using these parameters"]},{"code":357,"indent":0,"parameters":["Community_Lighting_MZ","flashlight","Player Flashlight",{"enabled":"true","beamLength":"6","beamWdth":"8","color":"#ffffff","density":"3"}]},{"code":657,"indent":0,"parameters":["On/Off = true"]},{"code":657,"indent":0,"parameters":["Beam Length = 6"]},{"code":657,"indent":0,"parameters":["Beam Width = 8"]},{"code":657,"indent":0,"parameters":["Beam Color = #ffffff"]},{"code":657,"indent":0,"parameters":["Beam Density = 3"]},{"code":0,"indent":0,"parameters":[]}],"name":"Use Flashlight","switchId":1,"trigger":0},
{"id":3,"list":[{"code":108,"indent":0,"parameters":["Turn off player's flashlight if it's on"]},{"code":357,"indent":0,"parameters":["Community_Lighting_MZ","flashlight","Player Flashlight",{"enabled":"false","beamLength":"8","beamWdth":"12","color":"#ffffff","density":"3"}]},{"code":657,"indent":0,"parameters":["On/Off = false"]},{"code":657,"indent":0,"parameters":["Beam Length = 8"]},{"code":657,"indent":0,"parameters":["Beam Width = 12"]},{"code":657,"indent":0,"parameters":["Beam Color = #ffffff"]},{"code":657,"indent":0,"parameters":["Beam Density = 3"]},{"code":108,"indent":0,"parameters":["Activate a radius-based light using these parameters"]},{"code":357,"indent":0,"parameters":["Community_Lighting_MZ","playerLightRadius","Player Light Radius",{"radius":"300","color":"#aaaaaa","brightness":"0","fadeSpeed":"0"}]},{"code":657,"indent":0,"parameters":["Radius = 300"]},{"code":657,"indent":0,"parameters":["Color = #aaaaaa"]},{"code":657,"indent":0,"parameters":["Brightness = 0"]},{"code":657,"indent":0,"parameters":["fadeSpeed = 0"]},{"code":0,"indent":0,"parameters":[]}],"name":"Use Radiance Spell","switchId":1,"trigger":0},
{"id":4,"list":[{"code":108,"indent":0,"parameters":["Turn off player's flashlight if it's on"]},{"code":357,"indent":0,"parameters":["Community_Lighting_MZ","flashlight","Player Flashlight",{"enabled":"false","beamLength":"8","beamWdth":"12","color":"#ffffff","density":"3"}]},{"code":657,"indent":0,"parameters":["On/Off = false"]},{"code":657,"indent":0,"parameters":["Beam Length = 8"]},{"code":657,"indent":0,"parameters":["Beam Width = 12"]},{"code":657,"indent":0,"parameters":["Beam Color = #ffffff"]},{"code":657,"indent":0,"parameters":["Beam Density = 3"]},{"code":108,"indent":0,"parameters":["Turn off player's other light source(s)"]},{"code":357,"indent":0,"parameters":["Community_Lighting_MZ","playerLightRadius","Player Light Radius",{"radius":"0","color":"#000000","brightness":"0","fadeSpeed":"0"}]},{"code":657,"indent":0,"parameters":["Radius = 0"]},{"code":657,"indent":0,"parameters":["Color = #000000"]},{"code":657,"indent":0,"parameters":["Brightness = 0"]},{"code":657,"indent":0,"parameters":["fadeSpeed = 0"]},{"code":0,"indent":0,"parameters":[]}],"name":"Lights Out!","switchId":1,"trigger":0}
]