[
null,
{"id":1,"battlerName":"","characterIndex":0,"characterName":"","classId":1,"equips":[2,1,2,3,0],"faceIndex":0,"faceName":"","traits":[],"initialLevel":1,"maxLevel":99,"name":"Harold","nickname":"","note":"","profile":""},
{"id":2,"battlerName":"Actor1_8","characterIndex":7,"characterName":"Actor1","classId":1,"equips":[1,1,2,3,4],"faceIndex":7,"faceName":"Actor1","traits":[],"initialLevel":1,"maxLevel":99,"name":"Therese","nickname":"","note":"","profile":""},
{"id":3,"battlerName":"Actor3_8","characterIndex":7,"characterName":"Actor3","classId":3,"equips":[3,0,2,3,4],"faceIndex":7,"faceName":"","traits":[],"initialLevel":1,"maxLevel":99,"name":"Marsha","nickname":"","note":"","profile":""},
{"id":4,"battlerName":"Actor2_7","characterIndex":6,"characterName":"Actor2","classId":4,"equips":[4,0,2,3,4],"faceIndex":6,"faceName":"Actor2","traits":[],"initialLevel":1,"maxLevel":99,"name":"Lucius","nickname":"","note":"","profile":""},
{"id":5,"battlerName":"","characterIndex":0,"characterName":"","classId":1,"equips":[0,0,0,0,0],"faceIndex":0,"faceName":"","traits":[],"initialLevel":1,"maxLevel":99,"name":"ff0000","nickname":"","note":"","profile":""}
]