[
null,
{"id":1,"expanded":true,"name":"Overworld","order":1,"parentId":0,"scrollX":1216.5,"scrollY":775.5},
{"id":2,"expanded":false,"name":"Volcano","order":2,"parentId":1,"scrollX":1081.3333333333333,"scrollY":952},
{"id":3,"expanded":false,"name":"Faerie Spring","order":3,"parentId":1,"scrollX":1081.3333333333333,"scrollY":640},
{"id":4,"expanded":false,"name":"Bobo's Camp","order":4,"parentId":1,"scrollX":1081.3333333333333,"scrollY":644},
{"id":5,"expanded":false,"name":"Bobo's Tent","order":5,"parentId":4,"scrollX":811,"scrollY":605},
{"id":6,"expanded":false,"name":"Lightless Tower","order":6,"parentId":1,"scrollX":1081.3333333333333,"scrollY":605.3333333333334},
{"id":7,"expanded":false,"name":"Time-Lost Island","order":8,"parentId":0,"scrollX":1081.3333333333333,"scrollY":644},
{"id":8,"expanded":false,"name":"Light gallery","order":7,"parentId":1,"scrollX":1092,"scrollY":604}
]