[
  null,
  {
    "id": 1,
    "battlerName": "Actor1_1",
    "characterIndex": 0,
    "characterName": "Actor1",
    "classId": 1,
    "equips": [
      1,
      1,
      2,
      3,
      4
    ],
    "faceIndex": 0,
    "faceName": "Actor1",
    "traits": [],
    "initialLevel": 1,
    "maxLevel": 99,
    "name": "Reid",
    "nickname": "",
    "note": "",
    "profile": ""
  },
  {
    "id": 2,
    "battlerName": "Actor1_2",
    "characterIndex": 1,
    "characterName": "Actor1",
    "classId": 1,
    "equips": [
      1,
      1,
      2,
      3,
      4
    ],
    "faceIndex": 1,
    "faceName": "Actor1",
    "traits": [],
    "initialLevel": 1,
    "maxLevel": 99,
    "name": "Priscilla",
    "nickname": "",
    "note": "",
    "profile": ""
  },
  {
    "id": 3,
    "battlerName": "Actor3_8",
    "characterIndex": 7,
    "characterName": "Actor3",
    "classId": 0,
    "equips": [
      3,
      0,
      2,
      3,
      4
    ],
    "faceIndex": 7,
    "faceName": "Actor3",
    "traits": [],
    "initialLevel": 1,
    "maxLevel": 99,
    "name": "Marsha",
    "nickname": "",
    "note": "",
    "profile": ""
  },
  {
    "id": 4,
    "battlerName": "Actor2_7",
    "characterIndex": 6,
    "characterName": "Actor2",
    "classId": 0,
    "equips": [
      4,
      0,
      2,
      3,
      4
    ],
    "faceIndex": 6,
    "faceName": "Actor2",
    "traits": [],
    "initialLevel": 1,
    "maxLevel": 99,
    "name": "Lucius",
    "nickname": "",
    "note": "",
    "profile": ""
  },
  {
    "id": 5,
    "battlerName": "",
    "characterIndex": 0,
    "characterName": "",
    "classId": 1,
    "equips": [
      0,
      0,
      0,
      0,
      0
    ],
    "faceIndex": 0,
    "faceName": "",
    "traits": [],
    "initialLevel": 1,
    "maxLevel": 99,
    "name": "ff0000",
    "nickname": "",
    "note": "",
    "profile": ""
  }
]