[
  null,
  {
    "id": 1,
    "actions": [
      {
        "conditionParam1": 0,
        "conditionParam2": 0,
        "conditionType": 0,
        "rating": 5,
        "skillId": 1
      },
      {
        "skillId": 3,
        "rating": 5,
        "conditionType": 0,
        "conditionParam1": 0,
        "conditionParam2": 0
      }
    ],
    "battlerHue": 0,
    "battlerName": "Goblin",
    "dropItems": [
      {
        "dataId": 1,
        "denominator": 1,
        "kind": 0
      },
      {
        "dataId": 1,
        "denominator": 1,
        "kind": 0
      },
      {
        "dataId": 1,
        "denominator": 1,
        "kind": 0
      }
    ],
    "exp": 10,
    "traits": [
      {
        "code": 22,
        "dataId": 0,
        "value": 0.95
      },
      {
        "code": 22,
        "dataId": 1,
        "value": 0.05
      },
      {
        "code": 31,
        "dataId": 1,
        "value": 0
      }
    ],
    "gold": 5,
    "name": "Goblin",
    "note": "",
    "params": [
      200,
      0,
      25,
      20,
      20,
      20,
      20,
      20
    ]
  }
]