[
  null,
  {
    "id": 1,
    "animationId": -1,
    "damage": {
      "critical": true,
      "elementId": -1,
      "formula": "a.atk * 4 - b.def * 2",
      "type": 1,
      "variance": 20
    },
    "description": "",
    "effects": [
      {
        "code": 21,
        "dataId": 0,
        "value1": 1,
        "value2": 0
      }
    ],
    "hitType": 1,
    "iconIndex": 76,
    "message1": "%1 attacks!",
    "message2": "",
    "mpCost": 0,
    "name": "Attack",
    "note": "Skill #1 will be used when you select\nthe Attack command.",
    "occasion": 1,
    "repeats": 1,
    "requiredWtypeId1": 0,
    "requiredWtypeId2": 0,
    "scope": 1,
    "speed": 0,
    "stypeId": 0,
    "successRate": 100,
    "tpCost": 0,
    "tpGain": 10,
    "messageType": 1
  },
  {
    "id": 2,
    "animationId": 0,
    "damage": {
      "critical": false,
      "elementId": 0,
      "formula": "0",
      "type": 0,
      "variance": 20
    },
    "description": "",
    "effects": [
      {
        "code": 21,
        "dataId": 2,
        "value1": 1,
        "value2": 0
      }
    ],
    "hitType": 0,
    "iconIndex": 81,
    "message1": "%1 guards.",
    "message2": "",
    "mpCost": 0,
    "name": "Guard",
    "note": "Skill #2 will be used when you select\nthe Guard command.",
    "occasion": 1,
    "repeats": 1,
    "requiredWtypeId1": 0,
    "requiredWtypeId2": 0,
    "scope": 11,
    "speed": 2000,
    "stypeId": 0,
    "successRate": 100,
    "tpCost": 0,
    "tpGain": 10,
    "messageType": 1
  },
  {
    "id": 3,
    "animationId": -1,
    "damage": {
      "critical": true,
      "elementId": -1,
      "formula": "a.atk * 4 - b.def * 2",
      "type": 1,
      "variance": 20
    },
    "description": "",
    "effects": [
      {
        "code": 21,
        "dataId": 0,
        "value1": 1,
        "value2": 0
      }
    ],
    "hitType": 1,
    "iconIndex": 76,
    "message1": "%1 attacks!",
    "message2": "",
    "mpCost": 0,
    "name": "Dual Attack",
    "note": "",
    "occasion": 1,
    "repeats": 2,
    "requiredWtypeId1": 0,
    "requiredWtypeId2": 0,
    "scope": 1,
    "speed": 0,
    "stypeId": 0,
    "successRate": 100,
    "tpCost": 0,
    "tpGain": 5,
    "messageType": 1
  },
  {
    "id": 4,
    "animationId": -1,
    "damage": {
      "critical": true,
      "elementId": -1,
      "formula": "a.atk * 4 - b.def * 2",
      "type": 1,
      "variance": 20
    },
    "description": "",
    "effects": [
      {
        "code": 21,
        "dataId": 0,
        "value1": 1,
        "value2": 0
      }
    ],
    "hitType": 1,
    "iconIndex": 76,
    "message1": "%1 attacks!",
    "message2": "",
    "mpCost": 0,
    "name": "Double Attack",
    "note": "",
    "occasion": 1,
    "repeats": 1,
    "requiredWtypeId1": 0,
    "requiredWtypeId2": 0,
    "scope": 4,
    "speed": 0,
    "stypeId": 0,
    "successRate": 100,
    "tpCost": 0,
    "tpGain": 5,
    "messageType": 1
  },
  {
    "id": 5,
    "animationId": -1,
    "damage": {
      "critical": true,
      "elementId": -1,
      "formula": "a.atk * 4 - b.def * 2",
      "type": 1,
      "variance": 20
    },
    "description": "",
    "effects": [
      {
        "code": 21,
        "dataId": 0,
        "value1": 1,
        "value2": 0
      }
    ],
    "hitType": 1,
    "iconIndex": 76,
    "message1": "%1 attacks!",
    "message2": "",
    "mpCost": 0,
    "name": "Triple Attack",
    "note": "",
    "occasion": 1,
    "repeats": 1,
    "requiredWtypeId1": 0,
    "requiredWtypeId2": 0,
    "scope": 5,
    "speed": 0,
    "stypeId": 0,
    "successRate": 100,
    "tpCost": 0,
    "tpGain": 4,
    "messageType": 1
  },
  {
    "id": 6,
    "animationId": 0,
    "damage": {
      "critical": false,
      "elementId": 0,
      "formula": "0",
      "type": 0,
      "variance": 20
    },
    "description": "",
    "effects": [
      {
        "code": 41,
        "dataId": 0,
        "value1": 0,
        "value2": 0
      }
    ],
    "hitType": 0,
    "iconIndex": 82,
    "message1": "%1 flees.",
    "message2": "",
    "mpCost": 0,
    "name": "Escape",
    "note": "",
    "occasion": 1,
    "repeats": 1,
    "requiredWtypeId1": 0,
    "requiredWtypeId2": 0,
    "scope": 11,
    "speed": 0,
    "stypeId": 0,
    "successRate": 100,
    "tpCost": 0,
    "tpGain": 0,
    "messageType": 1
  },
  {
    "id": 7,
    "animationId": 0,
    "damage": {
      "critical": false,
      "elementId": 0,
      "formula": "0",
      "type": 0,
      "variance": 20
    },
    "description": "",
    "effects": [],
    "hitType": 0,
    "iconIndex": 81,
    "message1": "%1 waits.",
    "message2": "",
    "mpCost": 0,
    "name": "Wait",
    "note": "",
    "occasion": 1,
    "repeats": 1,
    "requiredWtypeId1": 0,
    "requiredWtypeId2": 0,
    "scope": 0,
    "speed": 0,
    "stypeId": 0,
    "successRate": 100,
    "tpCost": 0,
    "tpGain": 10,
    "messageType": 1
  },
  {
    "id": 8,
    "animationId": 0,
    "damage": {
      "critical": false,
      "elementId": 0,
      "formula": "0",
      "type": 0,
      "variance": 20
    },
    "description": "",
    "effects": [],
    "hitType": 0,
    "iconIndex": 0,
    "message1": "",
    "message2": "",
    "mpCost": 0,
    "name": "",
    "note": "",
    "occasion": 0,
    "repeats": 1,
    "requiredWtypeId1": 0,
    "requiredWtypeId2": 0,
    "scope": 1,
    "speed": 0,
    "stypeId": 1,
    "successRate": 100,
    "tpCost": 0,
    "tpGain": 0,
    "messageType": 1
  },
  {
    "id": 9,
    "animationId": 0,
    "damage": {
      "critical": false,
      "elementId": 0,
      "formula": "0",
      "type": 0,
      "variance": 20
    },
    "description": "",
    "effects": [],
    "hitType": 0,
    "iconIndex": 0,
    "message1": "",
    "message2": "",
    "mpCost": 0,
    "name": "",
    "note": "",
    "occasion": 0,
    "repeats": 1,
    "requiredWtypeId1": 0,
    "requiredWtypeId2": 0,
    "scope": 1,
    "speed": 0,
    "stypeId": 1,
    "successRate": 100,
    "tpCost": 0,
    "tpGain": 0,
    "messageType": 1
  },
  {
    "id": 10,
    "animationId": 0,
    "damage": {
      "critical": false,
      "elementId": 0,
      "formula": "0",
      "type": 0,
      "variance": 20
    },
    "description": "",
    "effects": [],
    "hitType": 0,
    "iconIndex": 0,
    "message1": "",
    "message2": "",
    "mpCost": 0,
    "name": "",
    "note": "",
    "occasion": 0,
    "repeats": 1,
    "requiredWtypeId1": 0,
    "requiredWtypeId2": 0,
    "scope": 1,
    "speed": 0,
    "stypeId": 1,
    "successRate": 100,
    "tpCost": 0,
    "tpGain": 0,
    "messageType": 1
  },
  {
    "id": 11,
    "animationId": 0,
    "damage": {
      "critical": false,
      "elementId": 0,
      "formula": "0",
      "type": 0,
      "variance": 20
    },
    "description": "",
    "effects": [],
    "hitType": 0,
    "iconIndex": 0,
    "message1": "",
    "message2": "",
    "mpCost": 0,
    "name": "",
    "note": "",
    "occasion": 0,
    "repeats": 1,
    "requiredWtypeId1": 0,
    "requiredWtypeId2": 0,
    "scope": 1,
    "speed": 0,
    "stypeId": 1,
    "successRate": 100,
    "tpCost": 0,
    "tpGain": 0,
    "messageType": 1
  },
  {
    "id": 12,
    "animationId": 0,
    "damage": {
      "critical": false,
      "elementId": 0,
      "formula": "0",
      "type": 0,
      "variance": 20
    },
    "description": "",
    "effects": [],
    "hitType": 0,
    "iconIndex": 0,
    "message1": "",
    "message2": "",
    "mpCost": 0,
    "name": "",
    "note": "",
    "occasion": 0,
    "repeats": 1,
    "requiredWtypeId1": 0,
    "requiredWtypeId2": 0,
    "scope": 1,
    "speed": 0,
    "stypeId": 1,
    "successRate": 100,
    "tpCost": 0,
    "tpGain": 0,
    "messageType": 1
  },
  {
    "id": 13,
    "animationId": 103,
    "damage": {
      "critical": false,
      "elementId": 9,
      "formula": "a.gainHp(Math.floor(Math.random() * 10) + 30); (a.atk + a.mat) * 7 - b.def * 2",
      "type": 1,
      "variance": 20
    },
    "description": "Invoke the power of darkness to overwhelm your foes\nThis skill also extinguishes your light source",
    "effects": [
      {
        "code": 44,
        "dataId": 4,
        "value1": 1,
        "value2": 0
      }
    ],
    "hitType": 2,
    "iconIndex": 71,
    "message1": "",
    "message2": "",
    "mpCost": 0,
    "name": "Darkness",
    "note": "",
    "occasion": 0,
    "repeats": 1,
    "requiredWtypeId1": 0,
    "requiredWtypeId2": 0,
    "scope": 2,
    "speed": 0,
    "stypeId": 1,
    "successRate": 100,
    "tpCost": 0,
    "tpGain": 0,
    "messageType": 1
  },
  {
    "id": 14,
    "animationId": 67,
    "damage": {
      "critical": false,
      "elementId": 0,
      "formula": "(a.atk + a.mat) * 15 - b.def * 2",
      "type": 1,
      "variance": 20
    },
    "description": "Conjures a ball of flame that can either be hurled\nat an enemy and used as a light source",
    "effects": [
      {
        "code": 44,
        "dataId": 1,
        "value1": 1,
        "value2": 0
      }
    ],
    "hitType": 2,
    "iconIndex": 64,
    "message1": "",
    "message2": "",
    "mpCost": 0,
    "name": "Pyrokinesis",
    "note": "",
    "occasion": 0,
    "repeats": 1,
    "requiredWtypeId1": 0,
    "requiredWtypeId2": 0,
    "scope": 1,
    "speed": 0,
    "stypeId": 1,
    "successRate": 100,
    "tpCost": 0,
    "tpGain": 0,
    "messageType": 1
  },
  {
    "id": 15,
    "animationId": 0,
    "damage": {
      "critical": false,
      "elementId": 0,
      "formula": "0",
      "type": 0,
      "variance": 20
    },
    "description": "Conjure a powerful magical light (Field skill)",
    "effects": [
      {
        "code": 44,
        "dataId": 3,
        "value1": 1,
        "value2": 0
      }
    ],
    "hitType": 0,
    "iconIndex": 70,
    "message1": "",
    "message2": "",
    "mpCost": 0,
    "name": "Radiance",
    "note": "",
    "occasion": 2,
    "repeats": 1,
    "requiredWtypeId1": 0,
    "requiredWtypeId2": 0,
    "scope": 0,
    "speed": 0,
    "stypeId": 1,
    "successRate": 100,
    "tpCost": 0,
    "tpGain": 0,
    "messageType": 1
  }
]