[
  null,
  {
    "id": 1,
    "members": [
      {
        "enemyId": 1,
        "x": 120,
        "y": 358,
        "hidden": false
      },
      {
        "enemyId": 1,
        "x": 324,
        "y": 238,
        "hidden": false
      }
    ],
    "name": "Gobelin*2",
    "pages": [
      {
        "conditions": {
          "actorHp": 50,
          "actorId": 1,
          "actorValid": false,
          "enemyHp": 50,
          "enemyIndex": 0,
          "enemyValid": false,
          "switchId": 1,
          "switchValid": false,
          "turnA": 0,
          "turnB": 0,
          "turnEnding": false,
          "turnValid": false
        },
        "list": [
          {
            "code": 0,
            "indent": 0,
            "parameters": []
          }
        ],
        "span": 0
      }
    ]
  }
]